{
    "name": "player-pronouns",
    "title": "Player Pronouns",
    "description": "Adds a section to the player configuration that allows you to add your pronouns.",
    "version": "0.1.1",
    "authors": [
      {
        "name": "VTT Lair",
        "url": "https://github.com/vtt-lair"
      }
    ],
    "scripts": [
        "/scripts/player-pronouns.js"
    ],    
    "includes": [
        "module.json"
    ],
    "languages": [
        {
            "lang": "en",
            "name": "English",
            "path": "lang/en.json"
        }
    ],
    "url": "https://github.com/vtt-lair/player-pronouns",
    "manifest": "https://github.com/vtt-lair/player-pronouns/releases/latest/download/module.json",
    "download": "https://github.com/vtt-lair/player-pronouns/releases/download/v0.1.2/player-pronouns-v0.1.2.zip",
    "minimumCoreVersion": "0.7.9",
    "compatibleCoreVersion": "0.7.10"
}
